State,District
Andhra Pradesh,Anantapur
Andhra Pradesh,Chittoor
Andhra Pradesh,East Godavari
Andhra Pradesh,Guntur
Andhra Pradesh,Krishna
Andhra Pradesh,Kurnool
Andhra Pradesh,Prakasam
Andhra Pradesh,Srikakulam
Andhra Pradesh,Visakhapatnam
Andhra Pradesh,Vizianagaram
Andhra Pradesh,West Godavari
Andhra Pradesh,Y.S.R. Kadapa
Arunachal Pradesh,Anjaw
Arunachal Pradesh,Changlang
Arunachal Pradesh,East Kameng
Arunachal Pradesh,East Siang
Arunachal Pradesh,Kra Daadi
Arunachal Pradesh,Lohit
Arunachal Pradesh,Longding
Arunachal Pradesh,Lower Dibang Valley
Arunachal Pradesh,Lower Subansiri
Arunachal Pradesh,Namsai
Arunachal Pradesh,Pakke-Kessang
Arunachal Pradesh,Papum Pare
Arunachal Pradesh,Shi-Yomi
Arunachal Pradesh,Siang
Arunachal Pradesh,Tawang
Arunachal Pradesh,Tirap
Arunachal Pradesh,Upper Siang
Arunachal Pradesh,Upper Subansiri
Arunachal Pradesh,West Kameng
Arunachal Pradesh,West Siang
Assam,Baksa
Assam,Barpeta
Assam,Bongaigaon
Assam,Cachar
Assam,Chirang
Assam,Darrang
Assam,Dhemaji
Assam,Dhubri
Assam,Dibrugarh
Assam,Dimapur
Assam,Goalpara
Assam,Golaghat
Assam,Hailakandi
Assam,Jorhat
Assam,Kamrup
Assam,Kamrup Metropolitan
Assam,Karbi Anglong
Assam,Kokrajhar
Assam,Lakhimpur
Assam,Marigaon
Assam,Nagaon
Assam,Nalbari
Assam,Sivsagar
Assam,Sonitpur
Assam,Tinsukia
Assam,Udalguri
Bihar,Araria
Bihar,Arwal
Bihar,Aurangabad
Bihar,Banka
Bihar,Begusarai
Bihar,Bhagalpur
Bihar,Bhojpur
Bihar,Buxar
Bihar,Darbhanga
Bihar,East Champaran
Bihar,Gaya
Bihar,Gopalganj
Bihar,Jamui
Bihar,Jehanabad
Bihar,Kaimur
Bihar,Katihar
Bihar,Kishanganj
Bihar,Lakhisarai
Bihar,Madhepura
Bihar,Madhubani
Bihar,Munger
Bihar,Muzaffarpur
Bihar,Nalanda
Bihar,Nawada
Bihar,Pashchim Champaran
Bihar,Patna
Bihar,Purnia
Bihar,Rohtas
Bihar,Saharsa
Bihar,Samastipur
Bihar,Saran
Bihar,Sheikhpura
Bihar,Sheohar
Bihar,Siwan
Bihar,Supaul
Bihar,Vaishali
Bihar,West Champaran
Chhattisgarh,Balod
Chhattisgarh,Baloda Bazar
Chhattisgarh,Balrampur
Chhattisgarh,Bastar
Chhattisgarh,Bemetara
Chhattisgarh,Bilaspur
Chhattisgarh,Byrnihat
Chhattisgarh,Dantewada
Chhattisgarh,Dhamtari
Chhattisgarh,Durg
Chhattisgarh,Gariaband
Chhattisgarh,Janjgir-Champa
Chhattisgarh,Jashpur
Chhattisgarh,Kabeerdham
Chhattisgarh,Kondagaon
Chhattisgarh,Korba
Chhattisgarh,Koriya
Chhattisgarh,Mahasamund
Chhattisgarh,Mungeli
Chhattisgarh,Narayanpur
Chhattisgarh,Rajnandgaon
Chhattisgarh,Raipur
Chhattisgarh,Surajpur
Chhattisgarh,Sukma
Chhattisgarh,Surguja
Goa,North Goa
Goa,South Goa
Gujarat,Ahmedabad
Gujarat,Amreli
Gujarat,Anand
Gujarat,Aravalli
Gujarat,Banaskantha
Gujarat,Bharuch
Gujarat,Bhavnagar
Gujarat,Dahod
Gujarat,Dangs
Gujarat,Devbhoomi Dwarka
Gujarat,Gandhinagar
Gujarat,Godhra
Gujarat,Jamnagar
Gujarat,Junagadh
Gujarat,Kheda
Gujarat,Mehsana
Gujarat,Modasa
Gujarat,Narmada
Gujarat,Navsari
Gujarat,Patan
Gujarat,Porbandar
Gujarat,Rajkot
Gujarat,Sabarkantha
Gujarat,Surat
Gujarat,Surendranagar
Gujarat,Tapi
Gujarat,Vadodara
Gujarat,Valsad
Haryana,Ambala
Haryana,Bhiwani
Haryana,Fatehabad
Haryana,Gurgaon
Haryana,Hissar
Haryana,Jhajjar
Haryana,Jind
Haryana,Karnal
Haryana,Kurukshetra
Haryana,Kaithal
Haryana,Panipat
Haryana,Rewari
Haryana,Rohtak
Haryana,Sirsa
Haryana,Sonipat
Haryana,Yamunanagar
Himachal Pradesh,Bilaspur
Himachal Pradesh,Chamba
Himachal Pradesh,Hamirpur
Himachal Pradesh, Kangra
Himachal Pradesh,Kinnaur
Himachal Pradesh,Kullem
Himachal Pradesh,Mandi
Himachal Pradesh,Shimla
Himachal Pradesh,Sirmaur
Himachal Pradesh,Solan
Himachal Pradesh,Una
Jharkhand,Bokaro
Jharkhand,Chatra
Jharkhand,Deoghar
Jharkhand,Dhanbad
Jharkhand,Dumka
Jharkhand,East Singhbhum
Jharkhand,Giridih
Jharkhand,Gumla
Jharkhand,Hazaribagh
Jharkhand,Khunti
Jharkhand,Koderma
Jharkhand,Latehar
Jharkhand, Lohardaga
Jharkhand,Pakur
Jharkhand,Palamu
Jharkhand,Ramgarh
Jharkhand,Ranchi
Jharkhand,Sahibganj
Jharkhand, Seraikela Kharsawan
Jharkhand,Simdega
Jharkhand,West Singhbhum
Karnataka,Bagalkot
Karnataka,Bangalore Rural
Karnataka,Bangalore Urban
Karnataka,Bidar
Karnataka,Belgaum
Karnataka,Bellary
Karnataka,Bangalore Rural

